1,Nguyễn Văn An,0987654321,nguyenvanan@gmail.com,001202012345
2,Trần Thị Mai Hương,0912345678,huong.tran@yahoo.com,002203012346
3,Lê Hoàng Nam,0356789123,lehoangnam@outlook.com,003204015678
4,Phạm Thị Thu Hà,0776543210,thuha.pham@gmail.com,004205018901
5,Hoàng Văn Tuấn,0891234567,tuan.hoang@abc.com,005206021234
6,Đỗ Thị Lan Anh,0523456789,lananh.do@gmail.com,006207024567
7,Vũ Minh Quân,0911122334,minhquan.vu@bank.vn,007208027890
8,Đặng Thị Hồng Nhung,0333444555,hongnhung.dang@gmail.com,008209031123
9,Bùi Văn Đức,0866777888,duc.bui@tech.vn,009201034456
10,Ngô Thị Phương,0700112233,phuong.ngo@email.com,010202037789
11,Đinh Công Thành,0988123456,congthanh.dinh@gmail.com,011203041012
12,Phùng Thị Thúy,0355777888,thuy.phung@outlook.com,012204044345
13,Trương Văn Hùng,0911555666,vanhung.truong@gmail.com,013205047678
14,Đoàn Thị Kim Liên,0777888999,kimlien.doan@xyz.com,014206050901
15,Hồ Văn Phúc,0899666777,vanphuc.ho@abc.vn,015207053234
16,Mai Thị Thanh,0522333444,thanh.mai@gmail.com,016208056567
17,Dương Văn Bình,0933444555,vanbinh.duong@bank.vn,017209059890
18,Lý Thị Ngọc,0355666777,ngoc.ly@tech.vn,018201063123
19,Quách Văn Sơn,0777222333,van son.quach@gmail.com,019202066456
20,La Thị Hạnh,0811999888,hanh.la@outlook.com,020203069789
21,Chu Văn Long,0988111222,vanlong.chu@gmail.com,021204073012
22,Lâm Thị Bích,0377666555,bich.lam@yahoo.com,022205076345
23,Phan Văn Dũng,0944333222,van dung.phan@abc.com,023206079678
24,Tô Thị Phương Thảo,0855666777,thao.to@gmail.com,024207082901
25,Hà Văn Trung,0766777888,trung.ha@bank.vn,025208086234
26,Nguyễn Thị Kim Anh,0900111222,kimanh.nguyen@gmail.com,026209089567
27,Trần Văn Khải,0322444666,vankhai.tran@tech.vn,027201092890
28,Lê Thị Mỹ Linh,0788999000,mylinh.le@gmail.com,028202096123
29,Phạm Văn Hiếu,0955444333,vanhieu.pham@outlook.com,029203099456
30,Hoàng Thị Thu Thủy,0799888777,thuy.hoang@gmail.com,030204103789
31,Vũ Văn Cường,0366777888,vancuong.vu@abc.com,031205107012
32,Đỗ Thị Thanh Hằng,0922111333,thanhhang.do@gmail.com,032206110345
33,Đặng Văn Lộc,0833444555,vanloc.dang@bank.vn,033207113678
34,Bùi Thị Tuyết,0755666777,tuyet.bui@gmail.com,034208116901
35,Ngô Văn Hải,0999888777,vanhai.ngo@tech.vn,035209120234
36,Đinh Thị Quỳnh,0344999888,quynh.dinh@gmail.com,036201123567
37,Phùng Văn Bảo,0566777888,vanbao.phung@yahoo.com,037202126890
38,Trương Thị Thúy Hằng,0933222111,hang.truong@gmail.com,038203130123
39,Đoàn Văn Khương,0800111222,vankhuong.doan@outlook.com,039204133456
40,Hồ Thị Minh,0788555666,minh.ho@abc.com,040205136789
41,Mai Văn Tài,0977666555,vantai.mai@gmail.com,041206140012
42,Dương Thị Ánh,0355111222,anh.duong@bank.vn,042207143345
43,Lý Văn Nhân,0766333444,vannhan.ly@tech.vn,043208146678
44,Quách Thị Hoa,0944888999,hoa.quach@gmail.com,044209149901
45,La Văn Tiến,0811777222,vantien.la@gmail.com,045201153234
46,Chu Thị Nguyệt,0399222333,nguyet.chu@yahoo.com,046202156567
47,Lâm Văn Phát,0822444666,vanphat.lam@outlook.com,047203159890
48,Phan Thị Hồng,0966555111,hong.phan@bank.vn,048204163123
49,Tô Văn Lợi,0744333222,vanloi.to@gmail.com,049205166456
50,Hà Thị Yến,0388777666,yen.ha@tech.vn,050206169789
